algorithm_name,env_n,size,best_solution,H,states,time
HC,1,4,"[1, 3, 2, 0]",1,26,0.000127
HC,2,4,"[1, 3, 0, 2]",0,27,0.000118
HC,3,4,"[1, 0, 2, 3]",2,26,0.000116
HC,4,4,"[1, 2, 0, 3]",1,13,0.000065
HC,5,4,"[1, 2, 0, 3]",1,26,0.000088
HC,6,4,"[1, 3, 2, 0]",1,26,0.000088
HC,7,4,"[2, 1, 3, 0]",1,13,0.000042
HC,8,4,"[0, 2, 3, 1]",1,26,0.000086
HC,9,4,"[3, 0, 2, 1]",1,26,0.000084
HC,10,4,"[0, 3, 3, 0]",2,13,0.000040
HC,11,4,"[2, 0, 3, 1]",0,27,0.000092
HC,12,4,"[3, 0, 2, 1]",1,26,0.000083
HC,13,4,"[0, 2, 3, 1]",1,39,0.000136
HC,14,4,"[3, 1, 0, 2]",1,39,0.000126
HC,15,4,"[3, 0, 2, 1]",1,39,0.000126
HC,16,4,"[1, 3, 0, 2]",0,40,0.000131
HC,17,4,"[3, 0, 2, 1]",1,39,0.000123
HC,18,4,"[2, 0, 3, 1]",0,40,0.000131
HC,19,4,"[2, 0, 1, 3]",1,26,0.000084
HC,20,4,"[1, 3, 0, 2]",0,14,0.000052
HC,21,4,"[1, 3, 0, 2]",0,14,0.000051
HC,22,4,"[1, 2, 0, 3]",1,26,0.000084
HC,23,4,"[3, 1, 0, 2]",1,39,0.000124
HC,24,4,"[2, 0, 3, 1]",0,40,0.000128
HC,25,4,"[3, 1, 0, 2]",1,39,0.000124
HC,26,4,"[2, 1, 3, 0]",1,26,0.000084
HC,27,4,"[3, 0, 2, 1]",1,26,0.000084
HC,28,4,"[0, 2, 3, 1]",1,39,0.000124
HC,29,4,"[1, 3, 2, 0]",1,39,0.000124
HC,30,4,"[2, 0, 1, 3]",1,26,0.000085
HC,1,8,"[5, 2, 4, 1, 7, 0, 3, 6]",1,285,0.002123
HC,2,8,"[0, 6, 1, 5, 2, 4, 7, 3]",1,171,0.001252
HC,3,8,"[6, 3, 5, 7, 2, 0, 7, 4]",2,228,0.001669
HC,4,8,"[0, 3, 1, 6, 7, 2, 4, 1]",2,228,0.001717
HC,5,8,"[4, 5, 0, 6, 3, 7, 2, 1]",2,171,0.001241
HC,6,8,"[1, 7, 4, 6, 0, 2, 5, 5]",1,171,0.001241
HC,7,8,"[4, 2, 6, 3, 1, 7, 5, 0]",1,228,0.001648
HC,8,8,"[3, 5, 6, 2, 0, 7, 1, 4]",1,228,0.001674
HC,9,8,"[7, 1, 4, 6, 2, 0, 5, 3]",1,228,0.001654
HC,10,8,"[0, 5, 7, 1, 3, 7, 2, 4]",1,228,0.001651
HC,11,8,"[4, 0, 5, 3, 1, 7, 2, 2]",1,342,0.002480
HC,12,8,"[4, 2, 5, 1, 6, 0, 3, 7]",1,285,0.002068
HC,13,8,"[4, 4, 1, 3, 6, 3, 7, 2]",2,228,0.001613
HC,14,8,"[3, 6, 0, 2, 4, 1, 7, 4]",1,285,0.002044
HC,15,8,"[1, 7, 0, 6, 3, 5, 0, 4]",1,342,0.002436
HC,16,8,"[5, 1, 1, 6, 6, 3, 7, 0]",2,228,0.001659
HC,17,8,"[6, 3, 3, 7, 2, 4, 1, 0]",3,228,0.001658
HC,18,8,"[6, 1, 7, 5, 3, 0, 7, 4]",1,228,0.001647
HC,19,8,"[0, 1, 3, 6, 2, 7, 2, 4]",2,171,0.001250
HC,20,8,"[7, 4, 1, 5, 2, 0, 6, 3]",1,171,0.001245
HC,21,8,"[5, 0, 6, 4, 7, 1, 3, 2]",1,285,0.002056
HC,22,8,"[0, 6, 3, 7, 2, 4, 5, 1]",1,285,0.002060
HC,23,8,"[3, 7, 0, 4, 6, 1, 5, 2]",0,172,0.001252
HC,24,8,"[6, 2, 3, 7, 0, 4, 1, 5]",1,285,0.002093
HC,25,8,"[6, 1, 3, 5, 7, 2, 4, 0]",1,228,0.001608
HC,26,8,"[1, 4, 6, 0, 2, 7, 5, 3]",0,229,0.001578
HC,27,8,"[7, 0, 6, 3, 1, 6, 4, 2]",1,285,0.001938
HC,28,8,"[1, 4, 5, 0, 2, 7, 6, 3]",2,228,0.001588
HC,29,8,"[3, 7, 4, 1, 5, 0, 6, 0]",1,228,0.001558
HC,30,8,"[4, 0, 3, 5, 7, 1, 6, 2]",0,286,0.001964
HC,1,10,"[2, 9, 5, 8, 1, 4, 7, 0, 6, 3]",1,546,0.005484
HC,2,10,"[0, 6, 1, 5, 2, 8, 4, 8, 3, 9]",3,364,0.003859
HC,3,10,"[3, 6, 8, 2, 0, 9, 7, 4, 1, 9]",1,364,0.003656
HC,4,10,"[0, 5, 1, 9, 7, 2, 8, 3, 0, 4]",1,637,0.006894
HC,5,10,"[9, 4, 6, 8, 0, 7, 3, 0, 2, 1]",3,182,0.001962
HC,6,10,"[3, 1, 7, 4, 8, 0, 2, 9, 7, 5]",2,273,0.003088
HC,7,10,"[2, 0, 6, 3, 1, 8, 1, 5, 9, 0]",2,364,0.004192
HC,8,10,"[2, 5, 6, 1, 9, 0, 3, 7, 4, 8]",1,637,0.010477
HC,9,10,"[3, 9, 6, 8, 0, 2, 0, 5, 1, 4]",1,637,0.007205
HC,10,10,"[2, 2, 6, 1, 9, 0, 3, 7, 4, 8]",1,637,0.006991
HC,11,10,"[6, 4, 1, 5, 0, 9, 3, 2, 8, 7]",2,546,0.005870
HC,12,10,"[9, 1, 8, 5, 0, 6, 0, 5, 7, 4]",2,364,0.003878
HC,13,10,"[4, 0, 5, 3, 9, 6, 2, 5, 1, 8]",2,546,0.005737
HC,14,10,"[1, 9, 7, 3, 0, 2, 5, 1, 6, 4]",1,546,0.005867
HC,15,10,"[4, 0, 8, 0, 7, 3, 6, 9, 1, 5]",1,546,0.005739
HC,16,10,"[6, 1, 7, 0, 8, 3, 9, 0, 2, 4]",1,637,0.006697
HC,17,10,"[3, 6, 9, 7, 4, 2, 8, 5, 1, 0]",2,546,0.005716
HC,18,10,"[6, 1, 7, 5, 3, 0, 9, 4, 2, 7]",1,455,0.004784
HC,19,10,"[6, 3, 1, 7, 2, 0, 5, 8, 4, 9]",2,546,0.005694
HC,20,10,"[0, 4, 1, 5, 9, 2, 0, 8, 6, 1]",2,273,0.002728
HC,21,10,"[0, 6, 4, 9, 1, 3, 7, 2, 2, 8]",1,546,0.005546
HC,22,10,"[8, 3, 0, 9, 7, 2, 0, 6, 1, 5]",1,455,0.004567
HC,23,10,"[4, 1, 7, 9, 3, 0, 0, 8, 5, 2]",1,455,0.004592
HC,24,10,"[6, 9, 2, 0, 8, 3, 5, 1, 7, 4]",2,455,0.004651
HC,25,10,"[6, 8, 1, 5, 7, 0, 4, 0, 4, 9]",2,364,0.003629
HC,26,10,"[6, 3, 1, 4, 8, 0, 2, 7, 5, 9]",1,546,0.005536
HC,27,10,"[7, 0, 6, 9, 1, 1, 4, 8, 5, 2]",2,455,0.004522
HC,28,10,"[1, 3, 8, 6, 2, 0, 2, 7, 5, 3]",2,455,0.004563
HC,29,10,"[8, 3, 0, 9, 9, 4, 1, 7, 2, 6]",1,455,0.004551
HC,30,10,"[8, 2, 9, 3, 9, 7, 4, 0, 1, 6]",2,455,0.004505
SA,1,4,"[1, 3, 0, 2]",0,18,0.000117
SA,2,4,"[1, 3, 0, 2]",0,216,0.000994
SA,3,4,"[2, 0, 3, 1]",0,254,0.001165
SA,4,4,"[2, 0, 3, 1]",0,38,0.000180
SA,5,4,"[1, 3, 0, 2]",0,133,0.000604
SA,6,4,"[2, 0, 3, 1]",0,70,0.000318
SA,7,4,"[2, 0, 3, 1]",0,15,0.000071
SA,8,4,"[1, 3, 0, 2]",0,18,0.000086
SA,9,4,"[1, 3, 0, 2]",0,15,0.000073
SA,10,4,"[2, 0, 3, 1]",0,32,0.000146
SA,11,4,"[2, 0, 3, 1]",0,7,0.000037
SA,12,4,"[1, 3, 0, 2]",0,167,0.000760
SA,13,4,"[1, 3, 0, 2]",0,26,0.000123
SA,14,4,"[2, 0, 3, 1]",0,42,0.000190
SA,15,4,"[1, 3, 0, 2]",0,11,0.000055
SA,16,4,"[2, 0, 3, 1]",0,189,0.000850
SA,17,4,"[1, 3, 0, 2]",0,68,0.000314
SA,18,4,"[2, 0, 3, 1]",0,173,0.000799
SA,19,4,"[2, 0, 3, 1]",0,184,0.000843
SA,20,4,"[2, 0, 3, 1]",0,256,0.001180
SA,21,4,"[2, 0, 3, 1]",0,125,0.000574
SA,22,4,"[1, 3, 0, 2]",0,89,0.000402
SA,23,4,"[2, 0, 3, 1]",0,19,0.000090
SA,24,4,"[1, 3, 0, 2]",0,231,0.001049
SA,25,4,"[2, 0, 3, 1]",0,37,0.000179
SA,26,4,"[1, 3, 0, 2]",0,34,0.000159
SA,27,4,"[2, 0, 3, 1]",0,17,0.000081
SA,28,4,"[2, 0, 3, 1]",0,121,0.000560
SA,29,4,"[2, 0, 3, 1]",0,92,0.000417
SA,30,4,"[1, 3, 0, 2]",0,86,0.000386
SA,1,8,"[1, 5, 2, 0, 3, 7, 4, 2]",1,1795,0.015923
SA,2,8,"[4, 0, 5, 3, 1, 6, 4, 2]",1,1795,0.015810
SA,3,8,"[2, 4, 1, 7, 0, 6, 3, 5]",0,929,0.008132
SA,4,8,"[4, 0, 3, 5, 7, 1, 6, 2]",0,546,0.004782
SA,5,8,"[3, 7, 0, 4, 6, 1, 5, 2]",0,823,0.007257
SA,6,8,"[5, 0, 4, 1, 7, 2, 6, 3]",0,899,0.008780
SA,7,8,"[1, 4, 6, 0, 2, 7, 5, 3]",0,811,0.007268
SA,8,8,"[4, 1, 7, 0, 3, 6, 2, 5]",0,484,0.004252
SA,9,8,"[1, 5, 7, 2, 0, 3, 6, 4]",0,721,0.006324
SA,10,8,"[5, 2, 6, 1, 3, 7, 0, 4]",0,910,0.008020
SA,11,8,"[5, 3, 6, 0, 7, 1, 4, 2]",0,892,0.007823
SA,12,8,"[2, 5, 7, 0, 3, 6, 4, 1]",0,856,0.007628
SA,13,8,"[1, 5, 2, 0, 7, 0, 4, 6]",1,1795,0.017117
SA,14,8,"[4, 7, 3, 0, 6, 1, 5, 2]",0,685,0.005997
SA,15,8,"[5, 3, 6, 0, 7, 1, 4, 2]",0,1364,0.011991
SA,16,8,"[3, 7, 4, 2, 0, 6, 1, 5]",0,682,0.006009
SA,17,8,"[5, 3, 1, 7, 4, 6, 0, 2]",0,739,0.006504
SA,18,8,"[1, 7, 4, 6, 0, 2, 5, 7]",1,1795,0.015965
SA,19,8,"[2, 4, 6, 0, 3, 1, 7, 5]",0,638,0.005592
SA,20,8,"[6, 3, 1, 4, 7, 0, 2, 5]",0,924,0.008193
SA,21,8,"[2, 5, 7, 1, 3, 0, 6, 4]",0,629,0.005278
SA,22,8,"[4, 0, 3, 5, 7, 1, 6, 2]",0,1568,0.013177
SA,23,8,"[4, 6, 1, 5, 2, 0, 3, 7]",0,914,0.008132
SA,24,8,"[2, 4, 7, 3, 0, 6, 1, 5]",0,1120,0.009436
SA,25,8,"[4, 6, 3, 0, 2, 7, 5, 1]",0,633,0.005292
SA,26,8,"[2, 4, 7, 0, 0, 3, 1, 6]",1,1795,0.015865
SA,27,8,"[3, 1, 6, 4, 0, 7, 5, 2]",0,717,0.006262
SA,28,8,"[5, 2, 0, 7, 4, 1, 3, 6]",0,823,0.007253
SA,29,8,"[6, 3, 1, 4, 7, 0, 2, 5]",0,1530,0.013226
SA,30,8,"[3, 7, 0, 4, 6, 1, 5, 2]",0,1628,0.013681
SA,1,10,"[6, 8, 0, 4, 1, 5, 2, 9, 7, 3]",0,845,0.009681
SA,2,10,"[7, 2, 6, 9, 1, 8, 4, 0, 3, 5]",1,1840,0.021169
SA,3,10,"[5, 2, 6, 9, 7, 1, 3, 0, 8, 4]",0,1332,0.015273
SA,4,10,"[1, 4, 7, 5, 8, 2, 0, 6, 3, 9]",0,1831,0.021035
SA,5,10,"[4, 0, 7, 3, 6, 8, 1, 5, 9, 2]",0,1082,0.012614
SA,6,10,"[7, 3, 6, 9, 1, 4, 0, 8, 3, 5]",1,1840,0.023153
SA,7,10,"[4, 1, 3, 9, 6, 4, 2, 0, 5, 7]",1,1840,0.022484
SA,8,10,"[6, 9, 1, 4, 0, 8, 3, 5, 0, 2]",1,1840,0.021339
SA,9,10,"[6, 2, 0, 7, 4, 8, 5, 9, 1, 3]",0,1071,0.012260
SA,10,10,"[7, 9, 3, 5, 2, 8, 6, 4, 1, 5]",1,1840,0.021121
SA,11,10,"[3, 7, 4, 1, 3, 0, 6, 8, 5, 2]",1,1840,0.021066
SA,12,10,"[3, 7, 4, 8, 0, 9, 6, 2, 5, 1]",0,1394,0.016007
SA,13,10,"[6, 3, 9, 4, 8, 0, 2, 7, 5, 1]",0,1424,0.016307
SA,14,10,"[2, 4, 8, 0, 3, 1, 7, 5, 3, 9]",1,1840,0.021238
SA,15,10,"[3, 7, 9, 4, 1, 5, 0, 2, 6, 8]",0,839,0.009568
SA,16,10,"[6, 4, 7, 0, 3, 5, 8, 1, 9, 2]",0,911,0.010411
SA,17,10,"[6, 8, 3, 7, 9, 2, 5, 1, 4, 0]",1,1840,0.021069
SA,18,10,"[2, 4, 7, 0, 8, 3, 1, 6, 9, 5]",0,1318,0.015177
SA,19,10,"[8, 0, 2, 7, 5, 1, 9, 4, 6, 3]",0,1363,0.015676
SA,20,10,"[0, 5, 3, 8, 6, 2, 9, 1, 4, 7]",0,1113,0.012824
SA,21,10,"[6, 8, 0, 4, 1, 5, 2, 9, 7, 3]",0,884,0.010180
SA,22,10,"[7, 5, 2, 0, 9, 3, 8, 6, 4, 1]",1,1840,0.021194
SA,23,10,"[3, 6, 2, 9, 5, 0, 8, 4, 7, 1]",0,1638,0.018808
SA,24,10,"[5, 9, 1, 6, 4, 2, 0, 8, 3, 7]",0,1077,0.012351
SA,25,10,"[5, 3, 8, 4, 2, 9, 6, 1, 7, 0]",0,1223,0.015869
SA,26,10,"[0, 8, 6, 2, 7, 1, 4, 9, 5, 3]",0,935,0.015629
SA,27,10,"[1, 5, 9, 2, 6, 8, 3, 0, 4, 7]",0,694,0.009904
SA,28,10,"[8, 3, 0, 4, 7, 9, 6, 2, 5, 1]",0,703,0.009410
SA,29,10,"[7, 1, 4, 6, 9, 0, 5, 8, 0, 3]",1,1840,0.026422
SA,30,10,"[6, 8, 1, 4, 0, 3, 9, 7, 5, 2]",0,1135,0.015211
GA,1,4,"[2, 0, 3, 1]",0,28,0.000186
GA,2,4,"[1, 3, 0, 2]",0,28,0.000155
GA,3,4,"[2, 0, 3, 1]",0,28,0.000185
GA,4,4,"[2, 0, 3, 1]",0,28,0.000173
GA,5,4,"[1, 3, 0, 2]",0,28,0.000148
GA,6,4,"[1, 3, 0, 2]",0,54,0.000537
GA,7,4,"[1, 3, 0, 2]",0,28,0.000152
GA,8,4,"[2, 0, 3, 1]",0,28,0.000145
GA,9,4,"[1, 3, 0, 2]",0,28,0.000147
GA,10,4,"[1, 3, 0, 2]",0,28,0.000145
GA,11,4,"[1, 3, 0, 2]",0,28,0.000159
GA,12,4,"[2, 0, 3, 1]",0,28,0.000148
GA,13,4,"[1, 3, 0, 2]",0,28,0.000146
GA,14,4,"[1, 3, 0, 2]",0,28,0.000145
GA,15,4,"[1, 3, 0, 2]",0,28,0.000145
GA,16,4,"[1, 3, 0, 2]",0,28,0.000144
GA,17,4,"[2, 0, 3, 1]",0,28,0.000158
GA,18,4,"[1, 3, 0, 2]",0,28,0.000147
GA,19,4,"[2, 0, 3, 1]",0,28,0.000144
GA,20,4,"[2, 0, 3, 1]",0,28,0.000145
GA,21,4,"[1, 3, 0, 2]",0,28,0.000147
GA,22,4,"[1, 3, 0, 2]",0,28,0.000156
GA,23,4,"[1, 3, 0, 2]",0,28,0.000146
GA,24,4,"[1, 3, 0, 2]",0,28,0.000146
GA,25,4,"[1, 3, 0, 2]",0,28,0.000145
GA,26,4,"[2, 0, 3, 1]",0,28,0.000146
GA,27,4,"[1, 3, 0, 2]",0,28,0.000146
GA,28,4,"[2, 0, 3, 1]",0,80,0.000808
GA,29,4,"[2, 0, 3, 1]",0,28,0.000154
GA,30,4,"[2, 0, 3, 1]",0,28,0.000160
GA,1,8,"[1, 6, 4, 7, 0, 3, 5, 2]",0,264,0.004608
GA,2,8,"[4, 2, 0, 5, 7, 1, 3, 6]",0,108,0.001853
GA,3,8,"[5, 3, 0, 4, 7, 1, 6, 2]",0,264,0.005066
GA,4,8,"[2, 5, 1, 6, 0, 3, 7, 4]",0,368,0.006512
GA,5,8,"[2, 5, 7, 0, 3, 6, 4, 1]",0,316,0.006330
GA,6,8,"[4, 0, 7, 3, 1, 6, 2, 5]",0,472,0.008488
GA,7,8,"[4, 2, 0, 5, 7, 1, 3, 6]",0,264,0.004590
GA,8,8,"[0, 4, 7, 5, 2, 6, 1, 3]",0,264,0.005300
GA,9,8,"[7, 2, 0, 5, 1, 4, 6, 3]",0,680,0.012636
GA,10,8,"[3, 5, 7, 1, 6, 0, 2, 4]",0,368,0.006906
GA,11,8,"[3, 5, 7, 2, 0, 6, 4, 1]",0,108,0.001649
GA,12,8,"[5, 3, 1, 7, 4, 6, 0, 2]",0,264,0.004535
GA,13,8,"[2, 5, 1, 4, 7, 0, 6, 3]",0,732,0.013525
GA,14,8,"[5, 2, 0, 6, 4, 7, 1, 3]",0,108,0.001664
GA,15,8,"[4, 2, 7, 3, 6, 0, 5, 1]",0,368,0.006401
GA,16,8,"[4, 1, 3, 6, 2, 7, 5, 0]",0,212,0.003603
GA,17,8,"[3, 7, 0, 2, 5, 1, 6, 4]",0,420,0.007011
GA,18,8,"[2, 6, 1, 7, 4, 0, 3, 5]",0,628,0.010692
GA,19,8,"[3, 0, 4, 7, 5, 2, 6, 1]",0,108,0.001547
GA,20,8,"[4, 7, 3, 0, 6, 1, 5, 2]",0,264,0.004285
GA,21,8,"[2, 5, 3, 0, 7, 4, 6, 1]",0,212,0.003365
GA,22,8,"[5, 0, 4, 1, 7, 2, 6, 3]",0,108,0.001544
GA,23,8,"[6, 3, 1, 4, 7, 0, 2, 5]",0,940,0.015794
GA,24,8,"[6, 2, 0, 5, 7, 4, 1, 3]",0,316,0.004999
GA,25,8,"[4, 1, 3, 5, 7, 2, 0, 6]",0,160,0.002337
GA,26,8,"[3, 7, 4, 2, 0, 6, 1, 5]",0,108,0.001461
GA,27,8,"[2, 6, 1, 7, 4, 0, 3, 5]",0,368,0.006272
GA,28,8,"[2, 5, 7, 0, 3, 6, 4, 1]",0,316,0.005162
GA,29,8,"[5, 2, 4, 7, 0, 3, 1, 6]",0,108,0.001529
GA,30,8,"[3, 7, 0, 2, 5, 1, 6, 4]",0,472,0.007912
GA,1,10,"[7, 0, 4, 6, 8, 5, 3, 1, 9, 2]",1,2995,0.061978
GA,2,10,"[3, 5, 2, 8, 1, 7, 4, 6, 9, 0]",0,1045,0.020568
GA,3,10,"[0, 7, 4, 1, 8, 2, 9, 6, 3, 5]",0,1240,0.025045
GA,4,10,"[2, 6, 1, 7, 5, 0, 9, 4, 8, 3]",0,200,0.003735
GA,5,10,"[1, 6, 9, 5, 0, 8, 4, 2, 7, 3]",0,200,0.003734
GA,6,10,"[5, 2, 4, 7, 0, 8, 3, 1, 6, 9]",0,915,0.018641
GA,7,10,"[7, 3, 1, 9, 4, 6, 0, 2, 5, 8]",1,2995,0.059167
GA,8,10,"[8, 3, 1, 7, 2, 0, 6, 4, 9, 5]",0,525,0.010260
GA,9,10,"[8, 4, 1, 7, 5, 2, 0, 9, 3, 6]",1,2995,0.064232
GA,10,10,"[7, 0, 4, 8, 1, 3, 6, 2, 9, 5]",0,1110,0.026135
GA,11,10,"[1, 6, 4, 7, 0, 3, 9, 2, 5, 8]",0,460,0.011093
GA,12,10,"[6, 3, 0, 7, 5, 2, 9, 1, 4, 8]",0,525,0.011849
GA,13,10,"[1, 4, 6, 0, 9, 5, 8, 2, 7, 3]",0,590,0.013692
GA,14,10,"[6, 2, 0, 7, 4, 8, 5, 9, 1, 3]",0,850,0.019860
GA,15,10,"[3, 7, 2, 4, 8, 0, 5, 9, 1, 6]",0,590,0.014032
GA,16,10,"[0, 2, 5, 7, 9, 4, 8, 1, 3, 6]",0,525,0.012689
GA,17,10,"[1, 6, 9, 3, 0, 7, 4, 2, 5, 8]",0,1760,0.042707
GA,18,10,"[9, 2, 5, 3, 6, 0, 7, 1, 4, 8]",1,2995,0.074077
GA,19,10,"[5, 3, 1, 6, 8, 2, 0, 7, 9, 4]",0,1565,0.038211
GA,20,10,"[3, 1, 4, 7, 9, 2, 5, 8, 6, 0]",0,915,0.022854
GA,21,10,"[3, 7, 0, 4, 9, 1, 5, 2, 8, 6]",0,460,0.010574
GA,22,10,"[3, 5, 8, 4, 9, 0, 6, 1, 7, 2]",0,2475,0.061194
GA,23,10,"[7, 3, 1, 6, 9, 5, 0, 8, 4, 2]",0,330,0.009605
GA,24,10,"[4, 8, 0, 3, 1, 7, 9, 6, 2, 5]",0,655,0.017110
GA,25,10,"[4, 8, 1, 9, 6, 3, 0, 7, 5, 2]",0,2085,0.054228
GA,26,10,"[7, 5, 1, 8, 0, 3, 6, 9, 2, 4]",0,720,0.017774
GA,27,10,"[5, 8, 2, 4, 0, 7, 9, 6, 3, 1]",1,2995,0.076873
GA,28,10,"[3, 6, 9, 2, 4, 7, 0, 8, 1, 5]",0,590,0.014021
GA,29,10,"[9, 3, 5, 8, 2, 0, 7, 1, 4, 6]",0,1175,0.028892
GA,30,10,"[3, 7, 4, 2, 0, 9, 6, 8, 5, 1]",0,655,0.016513
random,1,4,"[2, 0, 3, 1]",0,21,0.000123
random,2,4,"[1, 3, 0, 2]",0,194,0.001048
random,3,4,"[2, 0, 3, 1]",0,27,0.000156
random,4,4,"[1, 3, 0, 2]",0,124,0.000863
random,5,4,"[2, 0, 3, 1]",0,146,0.000946
random,6,4,"[1, 3, 0, 2]",0,414,0.002356
random,7,4,"[1, 3, 0, 2]",0,182,0.001068
random,8,4,"[1, 3, 0, 2]",0,120,0.000744
random,9,4,"[1, 3, 0, 2]",0,155,0.000855
random,10,4,"[1, 3, 0, 2]",0,213,0.001137
random,11,4,"[1, 3, 0, 2]",0,151,0.000801
random,12,4,"[1, 3, 0, 2]",0,99,0.000571
random,13,4,"[2, 0, 3, 1]",0,139,0.000882
random,14,4,"[1, 3, 0, 2]",0,63,0.000432
random,15,4,"[2, 0, 3, 1]",0,178,0.001023
random,16,4,"[1, 3, 0, 2]",0,91,0.000518
random,17,4,"[1, 3, 0, 2]",0,159,0.000822
random,18,4,"[1, 3, 0, 2]",0,607,0.003333
random,19,4,"[1, 3, 0, 2]",0,61,0.000397
random,20,4,"[1, 3, 0, 2]",0,133,0.000711
random,21,4,"[1, 3, 0, 2]",0,29,0.000154
random,22,4,"[1, 3, 0, 2]",0,9,0.000051
random,23,4,"[2, 0, 3, 1]",0,43,0.000245
random,24,4,"[2, 0, 3, 1]",0,584,0.003696
random,25,4,"[1, 3, 0, 2]",0,425,0.002276
random,26,4,"[1, 3, 0, 2]",0,47,0.000245
random,27,4,"[1, 3, 0, 2]",0,16,0.000086
random,28,4,"[1, 3, 0, 2]",0,43,0.000223
random,29,4,"[2, 0, 3, 1]",0,11,0.000059
random,30,4,"[2, 0, 3, 1]",0,54,0.000347
random,1,8,"[6, 2, 5, 1, 4, 0, 3, 3]",1,3000,0.040099
random,2,8,"[0, 7, 4, 2, 0, 6, 3, 5]",1,3000,0.040096
random,3,8,"[6, 3, 5, 2, 5, 0, 4, 1]",2,3000,0.039164
random,4,8,"[2, 7, 5, 3, 1, 0, 4, 6]",1,3000,0.038376
random,5,8,"[7, 5, 3, 0, 4, 7, 2, 6]",2,3000,0.038755
random,6,8,"[4, 6, 0, 5, 7, 1, 6, 3]",2,3000,0.038228
random,7,8,"[2, 6, 1, 4, 7, 0, 3, 5]",1,3000,0.038310
random,8,8,"[3, 1, 4, 2, 0, 5, 7, 1]",2,3000,0.038850
random,9,8,"[7, 5, 3, 6, 0, 7, 4, 4]",2,3000,0.038354
random,10,8,"[7, 5, 0, 5, 1, 4, 6, 3]",1,3000,0.037933
random,11,8,"[6, 1, 3, 0, 6, 4, 2, 5]",1,3000,0.038288
random,12,8,"[2, 5, 3, 6, 0, 2, 4, 7]",1,3000,0.038417
random,13,8,"[3, 6, 2, 1, 5, 7, 2, 4]",2,3000,0.037959
random,14,8,"[4, 2, 0, 3, 1, 7, 5, 2]",1,3000,0.038789
random,15,8,"[6, 1, 7, 1, 3, 0, 2, 5]",2,3000,0.039461
random,16,8,"[3, 0, 6, 4, 1, 7, 0, 2]",1,3000,0.037429
random,17,8,"[1, 6, 0, 5, 7, 2, 0, 3]",2,3000,0.034934
random,18,8,"[7, 0, 2, 5, 5, 1, 4, 4]",2,3000,0.032739
random,19,8,"[0, 5, 3, 0, 7, 4, 2, 6]",2,3000,0.031711
random,20,8,"[2, 6, 1, 7, 4, 3, 0, 5]",2,3000,0.032456
random,21,8,"[4, 7, 3, 6, 4, 2, 0, 5]",2,3000,0.031762
random,22,8,"[2, 5, 3, 6, 0, 6, 4, 1]",2,3000,0.032650
random,23,8,"[6, 0, 2, 5, 1, 4, 7, 5]",2,3000,0.031736
random,24,8,"[1, 5, 2, 0, 7, 3, 4, 6]",1,3000,0.031677
random,25,8,"[5, 5, 0, 6, 3, 6, 2, 7]",2,3000,0.031620
random,26,8,"[1, 5, 0, 2, 7, 4, 6, 3]",1,3000,0.031732
random,27,8,"[3, 0, 0, 4, 6, 1, 6, 2]",2,3000,0.031714
random,28,8,"[0, 3, 6, 2, 7, 1, 4, 0]",1,3000,0.031640
random,29,8,"[6, 3, 6, 0, 7, 4, 1, 5]",1,3000,0.031758
random,30,8,"[4, 6, 1, 5, 2, 5, 7, 3]",2,3000,0.048599
random,1,10,"[5, 7, 1, 3, 0, 9, 0, 8, 1, 4]",3,3000,0.064297
random,2,10,"[4, 2, 8, 3, 9, 6, 5, 2, 0, 7]",3,3000,0.059845
random,3,10,"[1, 8, 2, 7, 4, 2, 0, 6, 3, 5]",2,3000,0.053770
random,4,10,"[6, 7, 4, 1, 8, 0, 5, 3, 2, 9]",3,3000,0.052521
random,5,10,"[8, 4, 0, 0, 9, 5, 1, 2, 7, 3]",2,3000,0.053311
random,6,10,"[1, 8, 2, 7, 3, 0, 9, 1, 6, 2]",2,3000,0.052891
random,7,10,"[2, 6, 1, 9, 4, 7, 0, 8, 3, 5]",2,3000,0.050081
random,8,10,"[2, 6, 8, 3, 7, 9, 1, 8, 5, 3]",3,3000,0.048498
random,9,10,"[8, 8, 2, 9, 6, 3, 7, 0, 7, 5]",3,3000,0.049941
random,10,10,"[7, 4, 1, 9, 2, 6, 7, 3, 5, 0]",3,3000,0.050737
random,11,10,"[9, 4, 0, 5, 3, 7, 7, 3, 8, 2]",3,3000,0.051579
random,12,10,"[7, 5, 4, 6, 0, 2, 4, 1, 3, 8]",3,3000,0.051893
random,13,10,"[6, 9, 5, 2, 7, 3, 8, 8, 1, 4]",2,3000,0.051873
random,14,10,"[4, 8, 0, 3, 0, 7, 5, 1, 9, 6]",2,3000,0.052422
random,15,10,"[9, 2, 6, 1, 0, 8, 6, 4, 7, 3]",3,3000,0.052175
random,16,10,"[4, 9, 1, 5, 2, 0, 6, 8, 1, 3]",2,3000,0.054311
random,17,10,"[5, 9, 1, 4, 8, 8, 3, 9, 6, 0]",3,3000,0.068169
random,18,10,"[3, 0, 6, 9, 2, 8, 1, 4, 2, 5]",2,3000,0.079414
random,19,10,"[1, 4, 0, 7, 9, 2, 6, 1, 3, 0]",2,3000,0.083277
random,20,10,"[8, 5, 7, 1, 0, 2, 6, 9, 2, 4]",2,3000,0.088919
random,21,10,"[8, 6, 1, 3, 5, 9, 4, 0, 5, 2]",3,3000,0.066621
random,22,10,"[8, 1, 3, 6, 0, 7, 4, 2, 7, 5]",3,3000,0.052089
random,23,10,"[6, 8, 1, 2, 0, 7, 4, 1, 3, 9]",2,3000,0.053712
random,24,10,"[8, 6, 6, 0, 2, 4, 5, 7, 9, 3]",3,3000,0.063174
random,25,10,"[5, 1, 1, 4, 0, 8, 0, 9, 6, 2]",2,3000,0.052683
random,26,10,"[5, 6, 4, 7, 0, 3, 5, 2, 9, 3]",3,3000,0.046079
random,27,10,"[3, 5, 9, 7, 9, 0, 2, 8, 6, 0]",3,3000,0.042735
random,28,10,"[7, 9, 1, 2, 6, 3, 0, 8, 4, 0]",3,3000,0.041466
random,29,10,"[6, 8, 1, 5, 0, 2, 7, 5, 7, 9]",3,3000,0.041182
random,30,10,"[1, 7, 4, 7, 9, 0, 3, 6, 8, 3]",3,3000,0.041116
